CREATE USER ADOGME IDENTIFIED BY 123
DEFAULT TABLESPACE "USERS"
TEMPORARY TABLESPACE "TEMP";


GRANT RESOURCE TO ADOGME;
GRANT CONNECT TO ADOGME;

--------------------------------------------------------
-- Archivo creado  - sábado-febrero-19-2022   
--------------------------------------------------------
--------------------------------------------------------
--  DDL for Sequence ID_ADOPTANTE_SEQ
--------------------------------------------------------

   CREATE SEQUENCE  "ADOGME"."ID_ADOPTANTE_SEQ"  MINVALUE 1 MAXVALUE 9999999999999999999999999999 INCREMENT BY 1 START WITH 39 NOCACHE  NOORDER  NOCYCLE ;
--------------------------------------------------------
--  DDL for Sequence ID_ESTADO_ADOPCION_SEQ
--------------------------------------------------------

   CREATE SEQUENCE  "ADOGME"."ID_ESTADO_ADOPCION_SEQ"  MINVALUE 1 MAXVALUE 9999999999999999999999999999 INCREMENT BY 1 START WITH 20 NOCACHE  NOORDER  NOCYCLE ;
--------------------------------------------------------
--  DDL for Sequence ID_MASCOTA_SEQ
--------------------------------------------------------

   CREATE SEQUENCE  "ADOGME"."ID_MASCOTA_SEQ"  MINVALUE 1 MAXVALUE 9999999999999999999999999999 INCREMENT BY 1 START WITH 34 NOCACHE  NOORDER  NOCYCLE ;
--------------------------------------------------------
--  DDL for Sequence ID_PROCESO_ADOPCION_SEQ
--------------------------------------------------------

   CREATE SEQUENCE  "ADOGME"."ID_PROCESO_ADOPCION_SEQ"  MINVALUE 1 MAXVALUE 9999999999999999999999999999 INCREMENT BY 1 START WITH 41 NOCACHE  NOORDER  NOCYCLE ;
--------------------------------------------------------
--  DDL for Sequence ID_RAZA_SEQ
--------------------------------------------------------

   CREATE SEQUENCE  "ADOGME"."ID_RAZA_SEQ"  MINVALUE 1 MAXVALUE 9999999999999999999999999999 INCREMENT BY 1 START WITH 20 NOCACHE  NOORDER  NOCYCLE ;
--------------------------------------------------------
--  DDL for Sequence ID_USUARIO_SEQ
--------------------------------------------------------

   CREATE SEQUENCE  "ADOGME"."ID_USUARIO_SEQ"  MINVALUE 1 MAXVALUE 9999999999999999999999999999 INCREMENT BY 1 START WITH 26 NOCACHE  NOORDER  NOCYCLE ;
--------------------------------------------------------
--  DDL for Table ADOPTANTE
--------------------------------------------------------

  CREATE TABLE "ADOGME"."ADOPTANTE" 
   (	"ID_ADOPTANTE" NUMBER(*,0), 
	"IDENTIFICACION" NUMBER(*,0), 
	"PRIMER_NOMBRE" VARCHAR2(20 BYTE), 
	"SEGUNDO_NOMBRE" VARCHAR2(20 BYTE), 
	"PRIMER_APELLIDO" VARCHAR2(20 BYTE), 
	"SEGUNDO_APELLIDO" VARCHAR2(20 BYTE), 
	"DIRECCION" VARCHAR2(50 BYTE), 
	"EMAIL" VARCHAR2(30 BYTE), 
	"TELEFONO" VARCHAR2(30 BYTE), 
	"CANTIDAD_PERSONAS" NUMBER, 
	"NINOS" CHAR(1 BYTE), 
	"ADOPTA_ANTES" CHAR(1 BYTE), 
	"DIRECCION_TRABAJO" VARCHAR2(50 BYTE), 
	"OCUPACION" VARCHAR2(100 BYTE), 
	"FECHA_CREACION" DATE DEFAULT SYSDATE, 
	"USUARIO_CREACION" NUMBER, 
	"FECHA_ACTUALIZACION" DATE DEFAULT SYSDATE, 
	"USUARIO_ACTUALIZACION" NUMBER, 
	"ACTIVO" CHAR(1 BYTE) DEFAULT 1
   ) SEGMENT CREATION IMMEDIATE 
  PCTFREE 10 PCTUSED 40 INITRANS 1 MAXTRANS 255 NOCOMPRESS LOGGING
  STORAGE(INITIAL 65536 NEXT 1048576 MINEXTENTS 1 MAXEXTENTS 2147483645
  PCTINCREASE 0 FREELISTS 1 FREELIST GROUPS 1 BUFFER_POOL DEFAULT FLASH_CACHE DEFAULT CELL_FLASH_CACHE DEFAULT)
  TABLESPACE "USERS" ;
--------------------------------------------------------
--  DDL for Table ESTADO_ADOPCION
--------------------------------------------------------

  CREATE TABLE "ADOGME"."ESTADO_ADOPCION" 
   (	"ID_ESTADO_ADOPCION" NUMBER, 
	"NOMBRE" VARCHAR2(20 BYTE)
   ) SEGMENT CREATION IMMEDIATE 
  PCTFREE 10 PCTUSED 40 INITRANS 1 MAXTRANS 255 NOCOMPRESS LOGGING
  STORAGE(INITIAL 65536 NEXT 1048576 MINEXTENTS 1 MAXEXTENTS 2147483645
  PCTINCREASE 0 FREELISTS 1 FREELIST GROUPS 1 BUFFER_POOL DEFAULT FLASH_CACHE DEFAULT CELL_FLASH_CACHE DEFAULT)
  TABLESPACE "USERS" ;
--------------------------------------------------------
--  DDL for Table MASCOTA
--------------------------------------------------------

  CREATE TABLE "ADOGME"."MASCOTA" 
   (	"ID_MASCOTA" NUMBER(*,0), 
	"ESTADO_VACUNACION" CHAR(1 BYTE), 
	"ESTADO_ESTERILIZACION" CHAR(1 BYTE), 
	"ID_RAZA" NUMBER, 
	"GENERO" CHAR(1 BYTE), 
	"PESO" NUMBER(38,2), 
	"NOMBRE" VARCHAR2(20 BYTE), 
	"CODIGO" VARCHAR2(20 BYTE), 
	"EDAD" NUMBER(*,0), 
	"PARTICULARIDADES" VARCHAR2(100 BYTE), 
	"ADOPTADO" CHAR(1 BYTE) DEFAULT 0, 
	"ACTIVO" CHAR(1 BYTE) DEFAULT 1, 
	"FECHA_CREACION" DATE DEFAULT SYSDATE, 
	"USUARIO_CREACION" NUMBER, 
	"FECHA_ACTUALIZACION" DATE DEFAULT SYSDATE, 
	"USUARIO_ACTUALIZACION" NUMBER
   ) SEGMENT CREATION IMMEDIATE 
  PCTFREE 10 PCTUSED 40 INITRANS 1 MAXTRANS 255 NOCOMPRESS LOGGING
  STORAGE(INITIAL 65536 NEXT 1048576 MINEXTENTS 1 MAXEXTENTS 2147483645
  PCTINCREASE 0 FREELISTS 1 FREELIST GROUPS 1 BUFFER_POOL DEFAULT FLASH_CACHE DEFAULT CELL_FLASH_CACHE DEFAULT)
  TABLESPACE "USERS" ;
--------------------------------------------------------
--  DDL for Table PROCESO_ADOPCION
--------------------------------------------------------

  CREATE TABLE "ADOGME"."PROCESO_ADOPCION" 
   (	"ID_PROCESO_ADOPCION" NUMBER, 
	"ID_ADOPTANTE" NUMBER, 
	"ID_MASCOTA" NUMBER, 
	"ID_ESTADO_ADOPCION" NUMBER, 
	"COMENTARIOS" VARCHAR2(100 BYTE), 
	"FECHA_CREACION" DATE DEFAULT SYSDATE, 
	"USUARIO_CREACION" NUMBER, 
	"FECHA_ACTUALIZACION" DATE DEFAULT SYSDATE, 
	"USUARIO_ACTUALIZACION" NUMBER
   ) SEGMENT CREATION IMMEDIATE 
  PCTFREE 10 PCTUSED 40 INITRANS 1 MAXTRANS 255 NOCOMPRESS LOGGING
  STORAGE(INITIAL 65536 NEXT 1048576 MINEXTENTS 1 MAXEXTENTS 2147483645
  PCTINCREASE 0 FREELISTS 1 FREELIST GROUPS 1 BUFFER_POOL DEFAULT FLASH_CACHE DEFAULT CELL_FLASH_CACHE DEFAULT)
  TABLESPACE "USERS" ;
--------------------------------------------------------
--  DDL for Table RAZA
--------------------------------------------------------

  CREATE TABLE "ADOGME"."RAZA" 
   (	"ID_RAZA" NUMBER(*,0), 
	"NOMBRE" VARCHAR2(20 BYTE)
   ) SEGMENT CREATION IMMEDIATE 
  PCTFREE 10 PCTUSED 40 INITRANS 1 MAXTRANS 255 NOCOMPRESS LOGGING
  STORAGE(INITIAL 65536 NEXT 1048576 MINEXTENTS 1 MAXEXTENTS 2147483645
  PCTINCREASE 0 FREELISTS 1 FREELIST GROUPS 1 BUFFER_POOL DEFAULT FLASH_CACHE DEFAULT CELL_FLASH_CACHE DEFAULT)
  TABLESPACE "USERS" ;
--------------------------------------------------------
--  DDL for Table USUARIO
--------------------------------------------------------

  CREATE TABLE "ADOGME"."USUARIO" 
   (	"ID_USUARIO" NUMBER(*,0), 
	"USUARIO" VARCHAR2(20 BYTE), 
	"CONTRASENA" VARCHAR2(20 BYTE), 
	"SESION" CHAR(1 BYTE) DEFAULT 0
   ) SEGMENT CREATION IMMEDIATE 
  PCTFREE 10 PCTUSED 40 INITRANS 1 MAXTRANS 255 NOCOMPRESS LOGGING
  STORAGE(INITIAL 65536 NEXT 1048576 MINEXTENTS 1 MAXEXTENTS 2147483645
  PCTINCREASE 0 FREELISTS 1 FREELIST GROUPS 1 BUFFER_POOL DEFAULT FLASH_CACHE DEFAULT CELL_FLASH_CACHE DEFAULT)
  TABLESPACE "USERS" ;

--------------------------------------------------------
--  DDL for Index RAZA_PK
--------------------------------------------------------

  CREATE UNIQUE INDEX "ADOGME"."RAZA_PK" ON "ADOGME"."RAZA" ("ID_RAZA") 
  PCTFREE 10 INITRANS 2 MAXTRANS 255 COMPUTE STATISTICS 
  STORAGE(INITIAL 65536 NEXT 1048576 MINEXTENTS 1 MAXEXTENTS 2147483645
  PCTINCREASE 0 FREELISTS 1 FREELIST GROUPS 1 BUFFER_POOL DEFAULT FLASH_CACHE DEFAULT CELL_FLASH_CACHE DEFAULT)
  TABLESPACE "USERS" ;
--------------------------------------------------------
--  DDL for Index USUARIO_PK
--------------------------------------------------------

  CREATE UNIQUE INDEX "ADOGME"."USUARIO_PK" ON "ADOGME"."USUARIO" ("ID_USUARIO") 
  PCTFREE 10 INITRANS 2 MAXTRANS 255 COMPUTE STATISTICS 
  STORAGE(INITIAL 65536 NEXT 1048576 MINEXTENTS 1 MAXEXTENTS 2147483645
  PCTINCREASE 0 FREELISTS 1 FREELIST GROUPS 1 BUFFER_POOL DEFAULT FLASH_CACHE DEFAULT CELL_FLASH_CACHE DEFAULT)
  TABLESPACE "USERS" ;
--------------------------------------------------------
--  DDL for Index ESTADO_ADOPCION_PK
--------------------------------------------------------

  CREATE UNIQUE INDEX "ADOGME"."ESTADO_ADOPCION_PK" ON "ADOGME"."ESTADO_ADOPCION" ("ID_ESTADO_ADOPCION") 
  PCTFREE 10 INITRANS 2 MAXTRANS 255 COMPUTE STATISTICS 
  STORAGE(INITIAL 65536 NEXT 1048576 MINEXTENTS 1 MAXEXTENTS 2147483645
  PCTINCREASE 0 FREELISTS 1 FREELIST GROUPS 1 BUFFER_POOL DEFAULT FLASH_CACHE DEFAULT CELL_FLASH_CACHE DEFAULT)
  TABLESPACE "USERS" ;
--------------------------------------------------------
--  DDL for Index PERRO_PK
--------------------------------------------------------

  CREATE UNIQUE INDEX "ADOGME"."PERRO_PK" ON "ADOGME"."MASCOTA" ("ID_MASCOTA") 
  PCTFREE 10 INITRANS 2 MAXTRANS 255 COMPUTE STATISTICS 
  STORAGE(INITIAL 65536 NEXT 1048576 MINEXTENTS 1 MAXEXTENTS 2147483645
  PCTINCREASE 0 FREELISTS 1 FREELIST GROUPS 1 BUFFER_POOL DEFAULT FLASH_CACHE DEFAULT CELL_FLASH_CACHE DEFAULT)
  TABLESPACE "USERS" ;
--------------------------------------------------------
--  DDL for Index PROCESO_ADOPCION_PK
--------------------------------------------------------

  CREATE UNIQUE INDEX "ADOGME"."PROCESO_ADOPCION_PK" ON "ADOGME"."PROCESO_ADOPCION" ("ID_PROCESO_ADOPCION") 
  PCTFREE 10 INITRANS 2 MAXTRANS 255 COMPUTE STATISTICS 
  STORAGE(INITIAL 65536 NEXT 1048576 MINEXTENTS 1 MAXEXTENTS 2147483645
  PCTINCREASE 0 FREELISTS 1 FREELIST GROUPS 1 BUFFER_POOL DEFAULT FLASH_CACHE DEFAULT CELL_FLASH_CACHE DEFAULT)
  TABLESPACE "USERS" ;
--------------------------------------------------------
--  DDL for Index ADOPTANTE_PK
--------------------------------------------------------

  CREATE UNIQUE INDEX "ADOGME"."ADOPTANTE_PK" ON "ADOGME"."ADOPTANTE" ("ID_ADOPTANTE") 
  PCTFREE 10 INITRANS 2 MAXTRANS 255 COMPUTE STATISTICS 
  STORAGE(INITIAL 65536 NEXT 1048576 MINEXTENTS 1 MAXEXTENTS 2147483645
  PCTINCREASE 0 FREELISTS 1 FREELIST GROUPS 1 BUFFER_POOL DEFAULT FLASH_CACHE DEFAULT CELL_FLASH_CACHE DEFAULT)
  TABLESPACE "USERS" ;
--------------------------------------------------------
--  Constraints for Table RAZA
--------------------------------------------------------

  ALTER TABLE "ADOGME"."RAZA" ADD CONSTRAINT "RAZA_PK" PRIMARY KEY ("ID_RAZA")
  USING INDEX PCTFREE 10 INITRANS 2 MAXTRANS 255 COMPUTE STATISTICS 
  STORAGE(INITIAL 65536 NEXT 1048576 MINEXTENTS 1 MAXEXTENTS 2147483645
  PCTINCREASE 0 FREELISTS 1 FREELIST GROUPS 1 BUFFER_POOL DEFAULT FLASH_CACHE DEFAULT CELL_FLASH_CACHE DEFAULT)
  TABLESPACE "USERS"  ENABLE;
  ALTER TABLE "ADOGME"."RAZA" MODIFY ("NOMBRE" NOT NULL ENABLE);
  ALTER TABLE "ADOGME"."RAZA" MODIFY ("ID_RAZA" NOT NULL ENABLE);
--------------------------------------------------------
--  Constraints for Table USUARIO
--------------------------------------------------------

  ALTER TABLE "ADOGME"."USUARIO" ADD CONSTRAINT "USUARIO_PK" PRIMARY KEY ("ID_USUARIO")
  USING INDEX PCTFREE 10 INITRANS 2 MAXTRANS 255 COMPUTE STATISTICS 
  STORAGE(INITIAL 65536 NEXT 1048576 MINEXTENTS 1 MAXEXTENTS 2147483645
  PCTINCREASE 0 FREELISTS 1 FREELIST GROUPS 1 BUFFER_POOL DEFAULT FLASH_CACHE DEFAULT CELL_FLASH_CACHE DEFAULT)
  TABLESPACE "USERS"  ENABLE;
  ALTER TABLE "ADOGME"."USUARIO" MODIFY ("ID_USUARIO" NOT NULL ENABLE);
  ALTER TABLE "ADOGME"."USUARIO" MODIFY ("CONTRASENA" NOT NULL ENABLE);
  ALTER TABLE "ADOGME"."USUARIO" MODIFY ("USUARIO" NOT NULL ENABLE);
--------------------------------------------------------
--  Constraints for Table ADOPTANTE
--------------------------------------------------------

  ALTER TABLE "ADOGME"."ADOPTANTE" MODIFY ("OCUPACION" NOT NULL ENABLE);
  ALTER TABLE "ADOGME"."ADOPTANTE" MODIFY ("DIRECCION_TRABAJO" NOT NULL ENABLE);
  ALTER TABLE "ADOGME"."ADOPTANTE" MODIFY ("ADOPTA_ANTES" NOT NULL ENABLE);
  ALTER TABLE "ADOGME"."ADOPTANTE" MODIFY ("NINOS" NOT NULL ENABLE);
  ALTER TABLE "ADOGME"."ADOPTANTE" MODIFY ("CANTIDAD_PERSONAS" NOT NULL ENABLE);
  ALTER TABLE "ADOGME"."ADOPTANTE" ADD CONSTRAINT "ADOPTANTE_PK" PRIMARY KEY ("ID_ADOPTANTE")
  USING INDEX PCTFREE 10 INITRANS 2 MAXTRANS 255 COMPUTE STATISTICS 
  STORAGE(INITIAL 65536 NEXT 1048576 MINEXTENTS 1 MAXEXTENTS 2147483645
  PCTINCREASE 0 FREELISTS 1 FREELIST GROUPS 1 BUFFER_POOL DEFAULT FLASH_CACHE DEFAULT CELL_FLASH_CACHE DEFAULT)
  TABLESPACE "USERS"  ENABLE;
  ALTER TABLE "ADOGME"."ADOPTANTE" MODIFY ("TELEFONO" NOT NULL ENABLE);
  ALTER TABLE "ADOGME"."ADOPTANTE" MODIFY ("EMAIL" NOT NULL ENABLE);
  ALTER TABLE "ADOGME"."ADOPTANTE" MODIFY ("DIRECCION" NOT NULL ENABLE);
  ALTER TABLE "ADOGME"."ADOPTANTE" MODIFY ("PRIMER_APELLIDO" NOT NULL ENABLE);
  ALTER TABLE "ADOGME"."ADOPTANTE" MODIFY ("PRIMER_NOMBRE" NOT NULL ENABLE);
  ALTER TABLE "ADOGME"."ADOPTANTE" MODIFY ("IDENTIFICACION" NOT NULL ENABLE);
  ALTER TABLE "ADOGME"."ADOPTANTE" MODIFY ("ID_ADOPTANTE" NOT NULL ENABLE);
--------------------------------------------------------
--  Constraints for Table ESTADO_ADOPCION
--------------------------------------------------------

  ALTER TABLE "ADOGME"."ESTADO_ADOPCION" ADD CONSTRAINT "ESTADO_ADOPCION_PK" PRIMARY KEY ("ID_ESTADO_ADOPCION")
  USING INDEX PCTFREE 10 INITRANS 2 MAXTRANS 255 COMPUTE STATISTICS 
  STORAGE(INITIAL 65536 NEXT 1048576 MINEXTENTS 1 MAXEXTENTS 2147483645
  PCTINCREASE 0 FREELISTS 1 FREELIST GROUPS 1 BUFFER_POOL DEFAULT FLASH_CACHE DEFAULT CELL_FLASH_CACHE DEFAULT)
  TABLESPACE "USERS"  ENABLE;
  ALTER TABLE "ADOGME"."ESTADO_ADOPCION" MODIFY ("NOMBRE" NOT NULL ENABLE);
  ALTER TABLE "ADOGME"."ESTADO_ADOPCION" MODIFY ("ID_ESTADO_ADOPCION" NOT NULL ENABLE);
--------------------------------------------------------
--  Constraints for Table PROCESO_ADOPCION
--------------------------------------------------------

  ALTER TABLE "ADOGME"."PROCESO_ADOPCION" ADD CONSTRAINT "PROCESO_ADOPCION_PK" PRIMARY KEY ("ID_PROCESO_ADOPCION")
  USING INDEX PCTFREE 10 INITRANS 2 MAXTRANS 255 COMPUTE STATISTICS 
  STORAGE(INITIAL 65536 NEXT 1048576 MINEXTENTS 1 MAXEXTENTS 2147483645
  PCTINCREASE 0 FREELISTS 1 FREELIST GROUPS 1 BUFFER_POOL DEFAULT FLASH_CACHE DEFAULT CELL_FLASH_CACHE DEFAULT)
  TABLESPACE "USERS"  ENABLE;
  ALTER TABLE "ADOGME"."PROCESO_ADOPCION" MODIFY ("ID_ESTADO_ADOPCION" NOT NULL ENABLE);
  ALTER TABLE "ADOGME"."PROCESO_ADOPCION" MODIFY ("ID_MASCOTA" NOT NULL ENABLE);
  ALTER TABLE "ADOGME"."PROCESO_ADOPCION" MODIFY ("ID_ADOPTANTE" NOT NULL ENABLE);
  ALTER TABLE "ADOGME"."PROCESO_ADOPCION" MODIFY ("ID_PROCESO_ADOPCION" NOT NULL ENABLE);
--------------------------------------------------------
--  Constraints for Table MASCOTA
--------------------------------------------------------

  ALTER TABLE "ADOGME"."MASCOTA" MODIFY ("PARTICULARIDADES" NOT NULL ENABLE);
  ALTER TABLE "ADOGME"."MASCOTA" MODIFY ("EDAD" NOT NULL ENABLE);
  ALTER TABLE "ADOGME"."MASCOTA" MODIFY ("CODIGO" NOT NULL ENABLE);
  ALTER TABLE "ADOGME"."MASCOTA" MODIFY ("NOMBRE" NOT NULL ENABLE);
  ALTER TABLE "ADOGME"."MASCOTA" MODIFY ("PESO" NOT NULL ENABLE);
  ALTER TABLE "ADOGME"."MASCOTA" MODIFY ("GENERO" NOT NULL ENABLE);
  ALTER TABLE "ADOGME"."MASCOTA" MODIFY ("ID_RAZA" NOT NULL ENABLE);
  ALTER TABLE "ADOGME"."MASCOTA" MODIFY ("ESTADO_ESTERILIZACION" NOT NULL ENABLE);
  ALTER TABLE "ADOGME"."MASCOTA" MODIFY ("ESTADO_VACUNACION" NOT NULL ENABLE);
  ALTER TABLE "ADOGME"."MASCOTA" ADD CONSTRAINT "MASCOTA_PK" PRIMARY KEY ("ID_MASCOTA")
  USING INDEX PCTFREE 10 INITRANS 2 MAXTRANS 255 COMPUTE STATISTICS 
  STORAGE(INITIAL 65536 NEXT 1048576 MINEXTENTS 1 MAXEXTENTS 2147483645
  PCTINCREASE 0 FREELISTS 1 FREELIST GROUPS 1 BUFFER_POOL DEFAULT FLASH_CACHE DEFAULT CELL_FLASH_CACHE DEFAULT)
  TABLESPACE "USERS"  ENABLE;
  ALTER TABLE "ADOGME"."MASCOTA" MODIFY ("ID_MASCOTA" NOT NULL ENABLE);
--------------------------------------------------------
--  Ref Constraints for Table ADOPTANTE
--------------------------------------------------------

  ALTER TABLE "ADOGME"."ADOPTANTE" ADD CONSTRAINT "ADOPTANTE_FK1" FOREIGN KEY ("USUARIO_CREACION")
	  REFERENCES "ADOGME"."USUARIO" ("ID_USUARIO") ENABLE;
  ALTER TABLE "ADOGME"."ADOPTANTE" ADD CONSTRAINT "ADOPTANTE_FK2" FOREIGN KEY ("USUARIO_ACTUALIZACION")
	  REFERENCES "ADOGME"."USUARIO" ("ID_USUARIO") ENABLE;
--------------------------------------------------------
--  Ref Constraints for Table MASCOTA
--------------------------------------------------------

  ALTER TABLE "ADOGME"."MASCOTA" ADD CONSTRAINT "MASCOTA_FK1" FOREIGN KEY ("ID_RAZA")
	  REFERENCES "ADOGME"."RAZA" ("ID_RAZA") ENABLE;
  ALTER TABLE "ADOGME"."MASCOTA" ADD CONSTRAINT "MASCOTA_FK2" FOREIGN KEY ("USUARIO_CREACION")
	  REFERENCES "ADOGME"."USUARIO" ("ID_USUARIO") ENABLE;
  ALTER TABLE "ADOGME"."MASCOTA" ADD CONSTRAINT "MASCOTA_FK3" FOREIGN KEY ("USUARIO_ACTUALIZACION")
	  REFERENCES "ADOGME"."USUARIO" ("ID_USUARIO") ENABLE;
--------------------------------------------------------
--  Ref Constraints for Table PROCESO_ADOPCION
--------------------------------------------------------

  ALTER TABLE "ADOGME"."PROCESO_ADOPCION" ADD CONSTRAINT "PROCESO_ADOPCION_FK1" FOREIGN KEY ("ID_ADOPTANTE")
	  REFERENCES "ADOGME"."ADOPTANTE" ("ID_ADOPTANTE") ENABLE;
  ALTER TABLE "ADOGME"."PROCESO_ADOPCION" ADD CONSTRAINT "PROCESO_ADOPCION_FK2" FOREIGN KEY ("ID_MASCOTA")
	  REFERENCES "ADOGME"."MASCOTA" ("ID_MASCOTA") ENABLE;
  ALTER TABLE "ADOGME"."PROCESO_ADOPCION" ADD CONSTRAINT "PROCESO_ADOPCION_FK3" FOREIGN KEY ("ID_ESTADO_ADOPCION")
	  REFERENCES "ADOGME"."ESTADO_ADOPCION" ("ID_ESTADO_ADOPCION") ENABLE;
  ALTER TABLE "ADOGME"."PROCESO_ADOPCION" ADD CONSTRAINT "PROCESO_ADOPCION_FK4" FOREIGN KEY ("USUARIO_CREACION")
	  REFERENCES "ADOGME"."USUARIO" ("ID_USUARIO") ENABLE;
  ALTER TABLE "ADOGME"."PROCESO_ADOPCION" ADD CONSTRAINT "PROCESO_ADOPCION_FK5" FOREIGN KEY ("USUARIO_ACTUALIZACION")
	  REFERENCES "ADOGME"."USUARIO" ("ID_USUARIO") ENABLE;
    
--INSERTS   
Insert into ADOGME.ADOPTANTE (ID_ADOPTANTE,IDENTIFICACION,PRIMER_NOMBRE,SEGUNDO_NOMBRE,PRIMER_APELLIDO,SEGUNDO_APELLIDO,DIRECCION,EMAIL,TELEFONO,CANTIDAD_PERSONAS,NINOS,ADOPTA_ANTES,DIRECCION_TRABAJO,OCUPACION,FECHA_CREACION,USUARIO_CREACION,FECHA_ACTUALIZACION,USUARIO_ACTUALIZACION,ACTIVO) values ('20','1234','Eli',null,'Guzman',null,'Calle','eli@hola.com','320225','2','0','1','Carrera','Empresaria',to_date('12/02/22','DD/MM/RR'),null,to_date('12/02/22','DD/MM/RR'),null,'0');
Insert into ADOGME.ADOPTANTE (ID_ADOPTANTE,IDENTIFICACION,PRIMER_NOMBRE,SEGUNDO_NOMBRE,PRIMER_APELLIDO,SEGUNDO_APELLIDO,DIRECCION,EMAIL,TELEFONO,CANTIDAD_PERSONAS,NINOS,ADOPTA_ANTES,DIRECCION_TRABAJO,OCUPACION,FECHA_CREACION,USUARIO_CREACION,FECHA_ACTUALIZACION,USUARIO_ACTUALIZACION,ACTIVO) values ('21','12345','Eli',null,'Guzman',null,'Calle 23','eli@hola.com','325252','2','0','1','Carrera 22','Empresaria',to_date('12/02/22','DD/MM/RR'),null,to_date('12/02/22','DD/MM/RR'),null,'0');
Insert into ADOGME.ADOPTANTE (ID_ADOPTANTE,IDENTIFICACION,PRIMER_NOMBRE,SEGUNDO_NOMBRE,PRIMER_APELLIDO,SEGUNDO_APELLIDO,DIRECCION,EMAIL,TELEFONO,CANTIDAD_PERSONAS,NINOS,ADOPTA_ANTES,DIRECCION_TRABAJO,OCUPACION,FECHA_CREACION,USUARIO_CREACION,FECHA_ACTUALIZACION,USUARIO_ACTUALIZACION,ACTIVO) values ('22','41412','Juan',null,'Cebolla',null,'Circo 23','juano@wes.com','252322','7','1','1','Circo 23','Animador',to_date('12/02/22','DD/MM/RR'),null,to_date('12/02/22','DD/MM/RR'),null,'0');
Insert into ADOGME.ADOPTANTE (ID_ADOPTANTE,IDENTIFICACION,PRIMER_NOMBRE,SEGUNDO_NOMBRE,PRIMER_APELLIDO,SEGUNDO_APELLIDO,DIRECCION,EMAIL,TELEFONO,CANTIDAD_PERSONAS,NINOS,ADOPTA_ANTES,DIRECCION_TRABAJO,OCUPACION,FECHA_CREACION,USUARIO_CREACION,FECHA_ACTUALIZACION,USUARIO_ACTUALIZACION,ACTIVO) values ('23','145151','Alex',null,'Ferguson',null,'Old Trafford','siralex@gmail.com','32155545','2','1','0','Oldie','Retirado',to_date('12/02/22','DD/MM/RR'),null,to_date('12/02/22','DD/MM/RR'),null,'0');
Insert into ADOGME.ADOPTANTE (ID_ADOPTANTE,IDENTIFICACION,PRIMER_NOMBRE,SEGUNDO_NOMBRE,PRIMER_APELLIDO,SEGUNDO_APELLIDO,DIRECCION,EMAIL,TELEFONO,CANTIDAD_PERSONAS,NINOS,ADOPTA_ANTES,DIRECCION_TRABAJO,OCUPACION,FECHA_CREACION,USUARIO_CREACION,FECHA_ACTUALIZACION,USUARIO_ACTUALIZACION,ACTIVO) values ('24','141513','Axl',null,'Rose',null,'Carrera 1','axlito@gun.com','123555','4','0','1','Carrera 1','Singer',to_date('12/02/22','DD/MM/RR'),null,to_date('12/02/22','DD/MM/RR'),null,'0');
Insert into ADOGME.ADOPTANTE (ID_ADOPTANTE,IDENTIFICACION,PRIMER_NOMBRE,SEGUNDO_NOMBRE,PRIMER_APELLIDO,SEGUNDO_APELLIDO,DIRECCION,EMAIL,TELEFONO,CANTIDAD_PERSONAS,NINOS,ADOPTA_ANTES,DIRECCION_TRABAJO,OCUPACION,FECHA_CREACION,USUARIO_CREACION,FECHA_ACTUALIZACION,USUARIO_ACTUALIZACION,ACTIVO) values ('34','154251','Alfred',null,'Molina','Octopus','New york','octopus@gmail.com','32012121','2','0','0','new york','Ciencia',to_date('18/02/22','DD/MM/RR'),null,to_date('18/02/22','DD/MM/RR'),'20','1');
Insert into ADOGME.ADOPTANTE (ID_ADOPTANTE,IDENTIFICACION,PRIMER_NOMBRE,SEGUNDO_NOMBRE,PRIMER_APELLIDO,SEGUNDO_APELLIDO,DIRECCION,EMAIL,TELEFONO,CANTIDAD_PERSONAS,NINOS,ADOPTA_ANTES,DIRECCION_TRABAJO,OCUPACION,FECHA_CREACION,USUARIO_CREACION,FECHA_ACTUALIZACION,USUARIO_ACTUALIZACION,ACTIVO) values ('25','1415132','Axl',null,'Rose',null,'Carrera 1','axlito@gun.com','123555','4','0','1','Carrera 1','Singer',to_date('12/02/22','DD/MM/RR'),null,to_date('12/02/22','DD/MM/RR'),null,'0');
Insert into ADOGME.ADOPTANTE (ID_ADOPTANTE,IDENTIFICACION,PRIMER_NOMBRE,SEGUNDO_NOMBRE,PRIMER_APELLIDO,SEGUNDO_APELLIDO,DIRECCION,EMAIL,TELEFONO,CANTIDAD_PERSONAS,NINOS,ADOPTA_ANTES,DIRECCION_TRABAJO,OCUPACION,FECHA_CREACION,USUARIO_CREACION,FECHA_ACTUALIZACION,USUARIO_ACTUALIZACION,ACTIVO) values ('28','151212','Alejandra',null,'Manrique',null,'con mi bebe','amoalalejo@gmail.com','3265262','3','1','1','con mi bebe','Desarrollo',to_date('12/02/22','DD/MM/RR'),null,to_date('18/02/22','DD/MM/RR'),'20','1');
Insert into ADOGME.ADOPTANTE (ID_ADOPTANTE,IDENTIFICACION,PRIMER_NOMBRE,SEGUNDO_NOMBRE,PRIMER_APELLIDO,SEGUNDO_APELLIDO,DIRECCION,EMAIL,TELEFONO,CANTIDAD_PERSONAS,NINOS,ADOPTA_ANTES,DIRECCION_TRABAJO,OCUPACION,FECHA_CREACION,USUARIO_CREACION,FECHA_ACTUALIZACION,USUARIO_ACTUALIZACION,ACTIVO) values ('29','1135848','juan','andres','Far',null,'calle','ajmsiajs@a','43528574','5','0','1','carrera','estudiante',to_date('15/02/22','DD/MM/RR'),null,to_date('19/02/22','DD/MM/RR'),'20','1');
Insert into ADOGME.ADOPTANTE (ID_ADOPTANTE,IDENTIFICACION,PRIMER_NOMBRE,SEGUNDO_NOMBRE,PRIMER_APELLIDO,SEGUNDO_APELLIDO,DIRECCION,EMAIL,TELEFONO,CANTIDAD_PERSONAS,NINOS,ADOPTA_ANTES,DIRECCION_TRABAJO,OCUPACION,FECHA_CREACION,USUARIO_CREACION,FECHA_ACTUALIZACION,USUARIO_ACTUALIZACION,ACTIVO) values ('26','12245','Luigi',null,'Di Baggio',null,'Castillo 2','luisitos@gmail.com','252455','2','1','0','Castillo 1','Fontanero',to_date('12/02/22','DD/MM/RR'),null,to_date('18/02/22','DD/MM/RR'),'20','1');
Insert into ADOGME.ADOPTANTE (ID_ADOPTANTE,IDENTIFICACION,PRIMER_NOMBRE,SEGUNDO_NOMBRE,PRIMER_APELLIDO,SEGUNDO_APELLIDO,DIRECCION,EMAIL,TELEFONO,CANTIDAD_PERSONAS,NINOS,ADOPTA_ANTES,DIRECCION_TRABAJO,OCUPACION,FECHA_CREACION,USUARIO_CREACION,FECHA_ACTUALIZACION,USUARIO_ACTUALIZACION,ACTIVO) values ('35','1452222','Eren',null,'Erensito',null,'Muro','titan@gmail.com','212333','1','0','0','Muro','Titan',to_date('18/02/22','DD/MM/RR'),'20',to_date('18/02/22','DD/MM/RR'),'20','1');
Insert into ADOGME.ADOPTANTE (ID_ADOPTANTE,IDENTIFICACION,PRIMER_NOMBRE,SEGUNDO_NOMBRE,PRIMER_APELLIDO,SEGUNDO_APELLIDO,DIRECCION,EMAIL,TELEFONO,CANTIDAD_PERSONAS,NINOS,ADOPTA_ANTES,DIRECCION_TRABAJO,OCUPACION,FECHA_CREACION,USUARIO_CREACION,FECHA_ACTUALIZACION,USUARIO_ACTUALIZACION,ACTIVO) values ('36','15255','Ale',null,'Perea','Edson','calle','alejPe@gmail.com','120','3','1','1','calle','Coder',to_date('18/02/22','DD/MM/RR'),'20',to_date('18/02/22','DD/MM/RR'),'20','1');
Insert into ADOGME.ADOPTANTE (ID_ADOPTANTE,IDENTIFICACION,PRIMER_NOMBRE,SEGUNDO_NOMBRE,PRIMER_APELLIDO,SEGUNDO_APELLIDO,DIRECCION,EMAIL,TELEFONO,CANTIDAD_PERSONAS,NINOS,ADOPTA_ANTES,DIRECCION_TRABAJO,OCUPACION,FECHA_CREACION,USUARIO_CREACION,FECHA_ACTUALIZACION,USUARIO_ACTUALIZACION,ACTIVO) values ('37','1235555','Pancracio',null,'Santo',null,'Calle','santito@algo.com','210221221','3','1','0','Calle','Es un Santo',to_date('18/02/22','DD/MM/RR'),'20',to_date('18/02/22','DD/MM/RR'),'20','1');
Insert into ADOGME.ADOPTANTE (ID_ADOPTANTE,IDENTIFICACION,PRIMER_NOMBRE,SEGUNDO_NOMBRE,PRIMER_APELLIDO,SEGUNDO_APELLIDO,DIRECCION,EMAIL,TELEFONO,CANTIDAD_PERSONAS,NINOS,ADOPTA_ANTES,DIRECCION_TRABAJO,OCUPACION,FECHA_CREACION,USUARIO_CREACION,FECHA_ACTUALIZACION,USUARIO_ACTUALIZACION,ACTIVO) values ('38','12346','Elizabeth',null,'Guzman',null,'Calle 233','eliza@hola.com','325252','3','1','1','Carrera 22','Empresaria',to_date('18/02/22','DD/MM/RR'),'20',to_date('18/02/22','DD/MM/RR'),'20','1');
Insert into ADOGME.ADOPTANTE (ID_ADOPTANTE,IDENTIFICACION,PRIMER_NOMBRE,SEGUNDO_NOMBRE,PRIMER_APELLIDO,SEGUNDO_APELLIDO,DIRECCION,EMAIL,TELEFONO,CANTIDAD_PERSONAS,NINOS,ADOPTA_ANTES,DIRECCION_TRABAJO,OCUPACION,FECHA_CREACION,USUARIO_CREACION,FECHA_ACTUALIZACION,USUARIO_ACTUALIZACION,ACTIVO) values ('1','1097233','Alguien',null,'Adoptador',null,'calle falsa 123','fake@isFake.com','7433153','2','1','0','Trabajo Fake','Nada',to_date('12/02/22','DD/MM/RR'),null,to_date('12/02/22','DD/MM/RR'),null,'1');
Insert into ADOGME.ADOPTANTE (ID_ADOPTANTE,IDENTIFICACION,PRIMER_NOMBRE,SEGUNDO_NOMBRE,PRIMER_APELLIDO,SEGUNDO_APELLIDO,DIRECCION,EMAIL,TELEFONO,CANTIDAD_PERSONAS,NINOS,ADOPTA_ANTES,DIRECCION_TRABAJO,OCUPACION,FECHA_CREACION,USUARIO_CREACION,FECHA_ACTUALIZACION,USUARIO_ACTUALIZACION,ACTIVO) values ('4','1097231','Quien',null,'Soy',null,'calle falsa 123','fake@isFake.com','7433153','2','1','0','Trabajo Fake','Nada',to_date('12/02/22','DD/MM/RR'),null,to_date('12/02/22','DD/MM/RR'),null,'1');
Insert into ADOGME.ADOPTANTE (ID_ADOPTANTE,IDENTIFICACION,PRIMER_NOMBRE,SEGUNDO_NOMBRE,PRIMER_APELLIDO,SEGUNDO_APELLIDO,DIRECCION,EMAIL,TELEFONO,CANTIDAD_PERSONAS,NINOS,ADOPTA_ANTES,DIRECCION_TRABAJO,OCUPACION,FECHA_CREACION,USUARIO_CREACION,FECHA_ACTUALIZACION,USUARIO_ACTUALIZACION,ACTIVO) values ('2','1097232','Falso',null,'Adoptador',null,'calle falsa 123','fake@isFake.com','7433153','2','1','0','Trabajo Fake','Nada',to_date('12/02/22','DD/MM/RR'),null,to_date('12/02/22','DD/MM/RR'),null,'1');
Insert into ADOGME.ADOPTANTE (ID_ADOPTANTE,IDENTIFICACION,PRIMER_NOMBRE,SEGUNDO_NOMBRE,PRIMER_APELLIDO,SEGUNDO_APELLIDO,DIRECCION,EMAIL,TELEFONO,CANTIDAD_PERSONAS,NINOS,ADOPTA_ANTES,DIRECCION_TRABAJO,OCUPACION,FECHA_CREACION,USUARIO_CREACION,FECHA_ACTUALIZACION,USUARIO_ACTUALIZACION,ACTIVO) values ('3','1097233','Augusto',null,'Rosa',null,'calle falsa 123','fake@isFake.com','7433153','2','1','0','Trabajo Fake','Nada',to_date('12/02/22','DD/MM/RR'),null,to_date('18/02/22','DD/MM/RR'),'20','1');
Insert into ADOGME.ADOPTANTE (ID_ADOPTANTE,IDENTIFICACION,PRIMER_NOMBRE,SEGUNDO_NOMBRE,PRIMER_APELLIDO,SEGUNDO_APELLIDO,DIRECCION,EMAIL,TELEFONO,CANTIDAD_PERSONAS,NINOS,ADOPTA_ANTES,DIRECCION_TRABAJO,OCUPACION,FECHA_CREACION,USUARIO_CREACION,FECHA_ACTUALIZACION,USUARIO_ACTUALIZACION,ACTIVO) values ('30','1025452','Alfonso',null,'Wero',null,'Calle falsa 123','alfonsin@gmail.com','32021221','1','1','1','Calle falsa 123','Empresario',to_date('17/02/22','DD/MM/RR'),null,to_date('17/02/22','DD/MM/RR'),null,'1');
Insert into ADOGME.ADOPTANTE (ID_ADOPTANTE,IDENTIFICACION,PRIMER_NOMBRE,SEGUNDO_NOMBRE,PRIMER_APELLIDO,SEGUNDO_APELLIDO,DIRECCION,EMAIL,TELEFONO,CANTIDAD_PERSONAS,NINOS,ADOPTA_ANTES,DIRECCION_TRABAJO,OCUPACION,FECHA_CREACION,USUARIO_CREACION,FECHA_ACTUALIZACION,USUARIO_ACTUALIZACION,ACTIVO) values ('31','1025452','Alfonso',null,'Wero',null,'Calle falsa 123','alfonsin@gmail.com','32021221','1','1','1','Calle falsa 123','Empresario',to_date('17/02/22','DD/MM/RR'),null,to_date('17/02/22','DD/MM/RR'),null,'1');
Insert into ADOGME.ADOPTANTE (ID_ADOPTANTE,IDENTIFICACION,PRIMER_NOMBRE,SEGUNDO_NOMBRE,PRIMER_APELLIDO,SEGUNDO_APELLIDO,DIRECCION,EMAIL,TELEFONO,CANTIDAD_PERSONAS,NINOS,ADOPTA_ANTES,DIRECCION_TRABAJO,OCUPACION,FECHA_CREACION,USUARIO_CREACION,FECHA_ACTUALIZACION,USUARIO_ACTUALIZACION,ACTIVO) values ('32','15215141','Sergio',null,'Aguero',null,'Calle Barca','elkun@gmail.com','121512','2','0','1','Camp nou','Reitrado',to_date('17/02/22','DD/MM/RR'),null,to_date('17/02/22','DD/MM/RR'),null,'1');
Insert into ADOGME.ADOPTANTE (ID_ADOPTANTE,IDENTIFICACION,PRIMER_NOMBRE,SEGUNDO_NOMBRE,PRIMER_APELLIDO,SEGUNDO_APELLIDO,DIRECCION,EMAIL,TELEFONO,CANTIDAD_PERSONAS,NINOS,ADOPTA_ANTES,DIRECCION_TRABAJO,OCUPACION,FECHA_CREACION,USUARIO_CREACION,FECHA_ACTUALIZACION,USUARIO_ACTUALIZACION,ACTIVO) values ('33','15215141','Sergio',null,'Aguero',null,'Calle Barca','elkun@gmail.com','121512','2','0','1','Camp nou','Reitrado',to_date('17/02/22','DD/MM/RR'),null,to_date('17/02/22','DD/MM/RR'),null,'1');

Insert into ADOGME.ESTADO_ADOPCION (ID_ESTADO_ADOPCION,NOMBRE) values ('1','En Proceso');
Insert into ADOGME.ESTADO_ADOPCION (ID_ESTADO_ADOPCION,NOMBRE) values ('2','Finalizado');
Insert into ADOGME.ESTADO_ADOPCION (ID_ESTADO_ADOPCION,NOMBRE) values ('3','Rechazado');
Insert into ADOGME.ESTADO_ADOPCION (ID_ESTADO_ADOPCION,NOMBRE) values ('4','Cancelado');

Insert into ADOGME.MASCOTA (ID_MASCOTA,ESTADO_VACUNACION,ESTADO_ESTERILIZACION,ID_RAZA,GENERO,PESO,NOMBRE,CODIGO,EDAD,PARTICULARIDADES,ADOPTADO,ACTIVO,FECHA_CREACION,USUARIO_CREACION,FECHA_ACTUALIZACION,USUARIO_ACTUALIZACION) values ('11','1','1','3','F','2,5','Lanita','PE422','3','Completa','0','1',to_date('12/02/22','DD/MM/RR'),null,to_date('18/02/22','DD/MM/RR'),'20');
Insert into ADOGME.MASCOTA (ID_MASCOTA,ESTADO_VACUNACION,ESTADO_ESTERILIZACION,ID_RAZA,GENERO,PESO,NOMBRE,CODIGO,EDAD,PARTICULARIDADES,ADOPTADO,ACTIVO,FECHA_CREACION,USUARIO_CREACION,FECHA_ACTUALIZACION,USUARIO_ACTUALIZACION) values ('8','1','1','1','M','20','Pipo','PE732','3','Ninguno','0','0',to_date('12/02/22','DD/MM/RR'),null,to_date('14/02/22','DD/MM/RR'),'20');
Insert into ADOGME.MASCOTA (ID_MASCOTA,ESTADO_VACUNACION,ESTADO_ESTERILIZACION,ID_RAZA,GENERO,PESO,NOMBRE,CODIGO,EDAD,PARTICULARIDADES,ADOPTADO,ACTIVO,FECHA_CREACION,USUARIO_CREACION,FECHA_ACTUALIZACION,USUARIO_ACTUALIZACION) values ('13','1','0','2','M','12','Dorian','PE372','2','Hay que esterilizar','0','1',to_date('15/02/22','DD/MM/RR'),'20',to_date('15/02/22','DD/MM/RR'),'20');
Insert into ADOGME.MASCOTA (ID_MASCOTA,ESTADO_VACUNACION,ESTADO_ESTERILIZACION,ID_RAZA,GENERO,PESO,NOMBRE,CODIGO,EDAD,PARTICULARIDADES,ADOPTADO,ACTIVO,FECHA_CREACION,USUARIO_CREACION,FECHA_ACTUALIZACION,USUARIO_ACTUALIZACION) values ('1','1','0','1','M','15,2','Rocky','PE298','3','Jugueton','0','1',to_date('12/02/22','DD/MM/RR'),null,to_date('12/02/22','DD/MM/RR'),null);
Insert into ADOGME.MASCOTA (ID_MASCOTA,ESTADO_VACUNACION,ESTADO_ESTERILIZACION,ID_RAZA,GENERO,PESO,NOMBRE,CODIGO,EDAD,PARTICULARIDADES,ADOPTADO,ACTIVO,FECHA_CREACION,USUARIO_CREACION,FECHA_ACTUALIZACION,USUARIO_ACTUALIZACION) values ('14','1','1','1','F','3','perrita','PE543','12','cansona','0','0',to_date('15/02/22','DD/MM/RR'),'24',to_date('15/02/22','DD/MM/RR'),'24');
Insert into ADOGME.MASCOTA (ID_MASCOTA,ESTADO_VACUNACION,ESTADO_ESTERILIZACION,ID_RAZA,GENERO,PESO,NOMBRE,CODIGO,EDAD,PARTICULARIDADES,ADOPTADO,ACTIVO,FECHA_CREACION,USUARIO_CREACION,FECHA_ACTUALIZACION,USUARIO_ACTUALIZACION) values ('19','0','1','3','M','4','Coreano','PE65','4','Es canson','0','0',to_date('17/02/22','DD/MM/RR'),'20',to_date('19/02/22','DD/MM/RR'),'20');
Insert into ADOGME.MASCOTA (ID_MASCOTA,ESTADO_VACUNACION,ESTADO_ESTERILIZACION,ID_RAZA,GENERO,PESO,NOMBRE,CODIGO,EDAD,PARTICULARIDADES,ADOPTADO,ACTIVO,FECHA_CREACION,USUARIO_CREACION,FECHA_ACTUALIZACION,USUARIO_ACTUALIZACION) values ('20','1','1','3','F','2','Fatima','PE603','2','Juiciosa','0','1',to_date('17/02/22','DD/MM/RR'),'20',to_date('18/02/22','DD/MM/RR'),'20');
Insert into ADOGME.MASCOTA (ID_MASCOTA,ESTADO_VACUNACION,ESTADO_ESTERILIZACION,ID_RAZA,GENERO,PESO,NOMBRE,CODIGO,EDAD,PARTICULARIDADES,ADOPTADO,ACTIVO,FECHA_CREACION,USUARIO_CREACION,FECHA_ACTUALIZACION,USUARIO_ACTUALIZACION) values ('24','1','1','2','F','10','Kukuyo','PE94','2','Nada','0','1',to_date('18/02/22','DD/MM/RR'),'20',to_date('18/02/22','DD/MM/RR'),'20');
Insert into ADOGME.MASCOTA (ID_MASCOTA,ESTADO_VACUNACION,ESTADO_ESTERILIZACION,ID_RAZA,GENERO,PESO,NOMBRE,CODIGO,EDAD,PARTICULARIDADES,ADOPTADO,ACTIVO,FECHA_CREACION,USUARIO_CREACION,FECHA_ACTUALIZACION,USUARIO_ACTUALIZACION) values ('30','1','0','1','M','20','Pequeño Pio','PE143','1','No tiene','0','1',to_date('18/02/22','DD/MM/RR'),'20',to_date('18/02/22','DD/MM/RR'),'20');
Insert into ADOGME.MASCOTA (ID_MASCOTA,ESTADO_VACUNACION,ESTADO_ESTERILIZACION,ID_RAZA,GENERO,PESO,NOMBRE,CODIGO,EDAD,PARTICULARIDADES,ADOPTADO,ACTIVO,FECHA_CREACION,USUARIO_CREACION,FECHA_ACTUALIZACION,USUARIO_ACTUALIZACION) values ('31','1','1','2','F','10','Akane','PE731','1','Japonesa','0','0',to_date('18/02/22','DD/MM/RR'),'20',to_date('18/02/22','DD/MM/RR'),'20');
Insert into ADOGME.MASCOTA (ID_MASCOTA,ESTADO_VACUNACION,ESTADO_ESTERILIZACION,ID_RAZA,GENERO,PESO,NOMBRE,CODIGO,EDAD,PARTICULARIDADES,ADOPTADO,ACTIVO,FECHA_CREACION,USUARIO_CREACION,FECHA_ACTUALIZACION,USUARIO_ACTUALIZACION) values ('6','0','0','2','F','3,3','Lalita','PE-0909','2','No','0','1',to_date('12/02/22','DD/MM/RR'),null,to_date('12/02/22','DD/MM/RR'),null);
Insert into ADOGME.MASCOTA (ID_MASCOTA,ESTADO_VACUNACION,ESTADO_ESTERILIZACION,ID_RAZA,GENERO,PESO,NOMBRE,CODIGO,EDAD,PARTICULARIDADES,ADOPTADO,ACTIVO,FECHA_CREACION,USUARIO_CREACION,FECHA_ACTUALIZACION,USUARIO_ACTUALIZACION) values ('10','1','1','2','M','12,4','Michi','PE204','1','No tiene','0','0',to_date('12/02/22','DD/MM/RR'),null,to_date('16/02/22','DD/MM/RR'),'20');
Insert into ADOGME.MASCOTA (ID_MASCOTA,ESTADO_VACUNACION,ESTADO_ESTERILIZACION,ID_RAZA,GENERO,PESO,NOMBRE,CODIGO,EDAD,PARTICULARIDADES,ADOPTADO,ACTIVO,FECHA_CREACION,USUARIO_CREACION,FECHA_ACTUALIZACION,USUARIO_ACTUALIZACION) values ('25','1','1','2','M','12','Mascotin','PE457','2','No','0','0',to_date('18/02/22','DD/MM/RR'),'20',to_date('18/02/22','DD/MM/RR'),'20');
Insert into ADOGME.MASCOTA (ID_MASCOTA,ESTADO_VACUNACION,ESTADO_ESTERILIZACION,ID_RAZA,GENERO,PESO,NOMBRE,CODIGO,EDAD,PARTICULARIDADES,ADOPTADO,ACTIVO,FECHA_CREACION,USUARIO_CREACION,FECHA_ACTUALIZACION,USUARIO_ACTUALIZACION) values ('26','1','1','3','F','3','Facunda','PE773','2','Bien','0','1',to_date('18/02/22','DD/MM/RR'),'20',to_date('18/02/22','DD/MM/RR'),'20');
Insert into ADOGME.MASCOTA (ID_MASCOTA,ESTADO_VACUNACION,ESTADO_ESTERILIZACION,ID_RAZA,GENERO,PESO,NOMBRE,CODIGO,EDAD,PARTICULARIDADES,ADOPTADO,ACTIVO,FECHA_CREACION,USUARIO_CREACION,FECHA_ACTUALIZACION,USUARIO_ACTUALIZACION) values ('27','1','1','1','M','20','Armin','PE117','5','Grande','0','1',to_date('18/02/22','DD/MM/RR'),'20',to_date('18/02/22','DD/MM/RR'),'20');
Insert into ADOGME.MASCOTA (ID_MASCOTA,ESTADO_VACUNACION,ESTADO_ESTERILIZACION,ID_RAZA,GENERO,PESO,NOMBRE,CODIGO,EDAD,PARTICULARIDADES,ADOPTADO,ACTIVO,FECHA_CREACION,USUARIO_CREACION,FECHA_ACTUALIZACION,USUARIO_ACTUALIZACION) values ('28','0','1','2','M','15','Querendon','PE327','4','Vacunacion pendiente','0','1',to_date('18/02/22','DD/MM/RR'),'20',to_date('18/02/22','DD/MM/RR'),'20');
Insert into ADOGME.MASCOTA (ID_MASCOTA,ESTADO_VACUNACION,ESTADO_ESTERILIZACION,ID_RAZA,GENERO,PESO,NOMBRE,CODIGO,EDAD,PARTICULARIDADES,ADOPTADO,ACTIVO,FECHA_CREACION,USUARIO_CREACION,FECHA_ACTUALIZACION,USUARIO_ACTUALIZACION) values ('29','1','1','2','M','10','Guau II','PE225','2','Cambios','0','0',to_date('18/02/22','DD/MM/RR'),'20',to_date('18/02/22','DD/MM/RR'),'20');
Insert into ADOGME.MASCOTA (ID_MASCOTA,ESTADO_VACUNACION,ESTADO_ESTERILIZACION,ID_RAZA,GENERO,PESO,NOMBRE,CODIGO,EDAD,PARTICULARIDADES,ADOPTADO,ACTIVO,FECHA_CREACION,USUARIO_CREACION,FECHA_ACTUALIZACION,USUARIO_ACTUALIZACION) values ('32','0','1','2','F','20,1','Cosi','PE229','1','No tiene','0','1',to_date('19/02/22','DD/MM/RR'),'20',to_date('19/02/22','DD/MM/RR'),'20');
Insert into ADOGME.MASCOTA (ID_MASCOTA,ESTADO_VACUNACION,ESTADO_ESTERILIZACION,ID_RAZA,GENERO,PESO,NOMBRE,CODIGO,EDAD,PARTICULARIDADES,ADOPTADO,ACTIVO,FECHA_CREACION,USUARIO_CREACION,FECHA_ACTUALIZACION,USUARIO_ACTUALIZACION) values ('33','1','1','2','M','21,2','Grandote','PE79','10','No tiene
Hola','0','1',to_date('19/02/22','DD/MM/RR'),'20',to_date('19/02/22','DD/MM/RR'),'20');
Insert into ADOGME.MASCOTA (ID_MASCOTA,ESTADO_VACUNACION,ESTADO_ESTERILIZACION,ID_RAZA,GENERO,PESO,NOMBRE,CODIGO,EDAD,PARTICULARIDADES,ADOPTADO,ACTIVO,FECHA_CREACION,USUARIO_CREACION,FECHA_ACTUALIZACION,USUARIO_ACTUALIZACION) values ('2','1','0','1','F','3','Nenita','PA002','1','NO','0','1',to_date('12/02/22','DD/MM/RR'),null,to_date('14/02/22','DD/MM/RR'),'20');
Insert into ADOGME.MASCOTA (ID_MASCOTA,ESTADO_VACUNACION,ESTADO_ESTERILIZACION,ID_RAZA,GENERO,PESO,NOMBRE,CODIGO,EDAD,PARTICULARIDADES,ADOPTADO,ACTIVO,FECHA_CREACION,USUARIO_CREACION,FECHA_ACTUALIZACION,USUARIO_ACTUALIZACION) values ('3','1','1','1','F','3','Godzilla','PA003','1','NO','0','0',to_date('12/02/22','DD/MM/RR'),null,to_date('18/02/22','DD/MM/RR'),'20');
Insert into ADOGME.MASCOTA (ID_MASCOTA,ESTADO_VACUNACION,ESTADO_ESTERILIZACION,ID_RAZA,GENERO,PESO,NOMBRE,CODIGO,EDAD,PARTICULARIDADES,ADOPTADO,ACTIVO,FECHA_CREACION,USUARIO_CREACION,FECHA_ACTUALIZACION,USUARIO_ACTUALIZACION) values ('4','1','1','1','M','3','Grosero','PA004','1','NO','0','1',to_date('12/02/22','DD/MM/RR'),null,to_date('12/02/22','DD/MM/RR'),null);
Insert into ADOGME.MASCOTA (ID_MASCOTA,ESTADO_VACUNACION,ESTADO_ESTERILIZACION,ID_RAZA,GENERO,PESO,NOMBRE,CODIGO,EDAD,PARTICULARIDADES,ADOPTADO,ACTIVO,FECHA_CREACION,USUARIO_CREACION,FECHA_ACTUALIZACION,USUARIO_ACTUALIZACION) values ('7','1','0','3','M','2','Gatusopapi','PE636','2','es canson','0','1',to_date('12/02/22','DD/MM/RR'),null,to_date('15/02/22','DD/MM/RR'),'24');
Insert into ADOGME.MASCOTA (ID_MASCOTA,ESTADO_VACUNACION,ESTADO_ESTERILIZACION,ID_RAZA,GENERO,PESO,NOMBRE,CODIGO,EDAD,PARTICULARIDADES,ADOPTADO,ACTIVO,FECHA_CREACION,USUARIO_CREACION,FECHA_ACTUALIZACION,USUARIO_ACTUALIZACION) values ('9','0','1','2','F','10','Cosita','PE451','4','No esta vacunada','0','1',to_date('12/02/22','DD/MM/RR'),null,to_date('12/02/22','DD/MM/RR'),null);
Insert into ADOGME.MASCOTA (ID_MASCOTA,ESTADO_VACUNACION,ESTADO_ESTERILIZACION,ID_RAZA,GENERO,PESO,NOMBRE,CODIGO,EDAD,PARTICULARIDADES,ADOPTADO,ACTIVO,FECHA_CREACION,USUARIO_CREACION,FECHA_ACTUALIZACION,USUARIO_ACTUALIZACION) values ('12','1','0','3','F','2','Azulejo','PE399','3','Riesgo esterilizacion','0','0',to_date('13/02/22','DD/MM/RR'),'20',to_date('14/02/22','DD/MM/RR'),'20');
Insert into ADOGME.MASCOTA (ID_MASCOTA,ESTADO_VACUNACION,ESTADO_ESTERILIZACION,ID_RAZA,GENERO,PESO,NOMBRE,CODIGO,EDAD,PARTICULARIDADES,ADOPTADO,ACTIVO,FECHA_CREACION,USUARIO_CREACION,FECHA_ACTUALIZACION,USUARIO_ACTUALIZACION) values ('15','1','1','2','F','12','Yuyo','PE744','1','Nada','0','1',to_date('17/02/22','DD/MM/RR'),'20',to_date('17/02/22','DD/MM/RR'),'20');
Insert into ADOGME.MASCOTA (ID_MASCOTA,ESTADO_VACUNACION,ESTADO_ESTERILIZACION,ID_RAZA,GENERO,PESO,NOMBRE,CODIGO,EDAD,PARTICULARIDADES,ADOPTADO,ACTIVO,FECHA_CREACION,USUARIO_CREACION,FECHA_ACTUALIZACION,USUARIO_ACTUALIZACION) values ('16','1','0','1','M','10','Rocky II','PE679','3','Nada','0','0',to_date('17/02/22','DD/MM/RR'),'20',to_date('19/02/22','DD/MM/RR'),'20');
Insert into ADOGME.MASCOTA (ID_MASCOTA,ESTADO_VACUNACION,ESTADO_ESTERILIZACION,ID_RAZA,GENERO,PESO,NOMBRE,CODIGO,EDAD,PARTICULARIDADES,ADOPTADO,ACTIVO,FECHA_CREACION,USUARIO_CREACION,FECHA_ACTUALIZACION,USUARIO_ACTUALIZACION) values ('17','0','0','3','M','5','Papi Juancho','PE412','2','Le falta todo','0','1',to_date('17/02/22','DD/MM/RR'),'20',to_date('17/02/22','DD/MM/RR'),'20');
Insert into ADOGME.MASCOTA (ID_MASCOTA,ESTADO_VACUNACION,ESTADO_ESTERILIZACION,ID_RAZA,GENERO,PESO,NOMBRE,CODIGO,EDAD,PARTICULARIDADES,ADOPTADO,ACTIVO,FECHA_CREACION,USUARIO_CREACION,FECHA_ACTUALIZACION,USUARIO_ACTUALIZACION) values ('21','1','1','2','F','20','Orlanda','PE89','5','Perfecto','0','1',to_date('17/02/22','DD/MM/RR'),'20',to_date('18/02/22','DD/MM/RR'),'20');
Insert into ADOGME.MASCOTA (ID_MASCOTA,ESTADO_VACUNACION,ESTADO_ESTERILIZACION,ID_RAZA,GENERO,PESO,NOMBRE,CODIGO,EDAD,PARTICULARIDADES,ADOPTADO,ACTIVO,FECHA_CREACION,USUARIO_CREACION,FECHA_ACTUALIZACION,USUARIO_ACTUALIZACION) values ('22','1','0','3','M','1','Japo','PE274','1','Nada','0','1',to_date('18/02/22','DD/MM/RR'),'20',to_date('19/02/22','DD/MM/RR'),'20');

Insert into ADOGME.PROCESO_ADOPCION (ID_PROCESO_ADOPCION,ID_ADOPTANTE,ID_MASCOTA,ID_ESTADO_ADOPCION,COMENTARIOS,FECHA_CREACION,USUARIO_CREACION,FECHA_ACTUALIZACION,USUARIO_ACTUALIZACION) values ('21','26','11','4',null,to_date('12/02/22','DD/MM/RR'),null,to_date('18/02/22','DD/MM/RR'),'20');
Insert into ADOGME.PROCESO_ADOPCION (ID_PROCESO_ADOPCION,ID_ADOPTANTE,ID_MASCOTA,ID_ESTADO_ADOPCION,COMENTARIOS,FECHA_CREACION,USUARIO_CREACION,FECHA_ACTUALIZACION,USUARIO_ACTUALIZACION) values ('28','34','19','2',null,to_date('18/02/22','DD/MM/RR'),null,to_date('19/02/22','DD/MM/RR'),'20');
Insert into ADOGME.PROCESO_ADOPCION (ID_PROCESO_ADOPCION,ID_ADOPTANTE,ID_MASCOTA,ID_ESTADO_ADOPCION,COMENTARIOS,FECHA_CREACION,USUARIO_CREACION,FECHA_ACTUALIZACION,USUARIO_ACTUALIZACION) values ('39','38','30','4','se cancela',to_date('18/02/22','DD/MM/RR'),null,to_date('18/02/22','DD/MM/RR'),'20');
Insert into ADOGME.PROCESO_ADOPCION (ID_PROCESO_ADOPCION,ID_ADOPTANTE,ID_MASCOTA,ID_ESTADO_ADOPCION,COMENTARIOS,FECHA_CREACION,USUARIO_CREACION,FECHA_ACTUALIZACION,USUARIO_ACTUALIZACION) values ('36','36','20','4','Se arrepiente',to_date('18/02/22','DD/MM/RR'),null,to_date('18/02/22','DD/MM/RR'),'20');
Insert into ADOGME.PROCESO_ADOPCION (ID_PROCESO_ADOPCION,ID_ADOPTANTE,ID_MASCOTA,ID_ESTADO_ADOPCION,COMENTARIOS,FECHA_CREACION,USUARIO_CREACION,FECHA_ACTUALIZACION,USUARIO_ACTUALIZACION) values ('37','34','28','1',null,to_date('18/02/22','DD/MM/RR'),null,to_date('18/02/22','DD/MM/RR'),null);
Insert into ADOGME.PROCESO_ADOPCION (ID_PROCESO_ADOPCION,ID_ADOPTANTE,ID_MASCOTA,ID_ESTADO_ADOPCION,COMENTARIOS,FECHA_CREACION,USUARIO_CREACION,FECHA_ACTUALIZACION,USUARIO_ACTUALIZACION) values ('22','28','7','1',null,to_date('12/02/22','DD/MM/RR'),null,to_date('12/02/22','DD/MM/RR'),null);
Insert into ADOGME.PROCESO_ADOPCION (ID_PROCESO_ADOPCION,ID_ADOPTANTE,ID_MASCOTA,ID_ESTADO_ADOPCION,COMENTARIOS,FECHA_CREACION,USUARIO_CREACION,FECHA_ACTUALIZACION,USUARIO_ACTUALIZACION) values ('23','29','9','1',null,to_date('15/02/22','DD/MM/RR'),null,to_date('15/02/22','DD/MM/RR'),null);
Insert into ADOGME.PROCESO_ADOPCION (ID_PROCESO_ADOPCION,ID_ADOPTANTE,ID_MASCOTA,ID_ESTADO_ADOPCION,COMENTARIOS,FECHA_CREACION,USUARIO_CREACION,FECHA_ACTUALIZACION,USUARIO_ACTUALIZACION) values ('30','35','22','3','No cumple',to_date('18/02/22','DD/MM/RR'),null,to_date('19/02/22','DD/MM/RR'),'20');
Insert into ADOGME.PROCESO_ADOPCION (ID_PROCESO_ADOPCION,ID_ADOPTANTE,ID_MASCOTA,ID_ESTADO_ADOPCION,COMENTARIOS,FECHA_CREACION,USUARIO_CREACION,FECHA_ACTUALIZACION,USUARIO_ACTUALIZACION) values ('38','38','31','2',null,to_date('18/02/22','DD/MM/RR'),null,to_date('18/02/22','DD/MM/RR'),'20');
Insert into ADOGME.PROCESO_ADOPCION (ID_PROCESO_ADOPCION,ID_ADOPTANTE,ID_MASCOTA,ID_ESTADO_ADOPCION,COMENTARIOS,FECHA_CREACION,USUARIO_CREACION,FECHA_ACTUALIZACION,USUARIO_ACTUALIZACION) values ('32','36','15','1',null,to_date('18/02/22','DD/MM/RR'),null,to_date('18/02/22','DD/MM/RR'),null);
Insert into ADOGME.PROCESO_ADOPCION (ID_PROCESO_ADOPCION,ID_ADOPTANTE,ID_MASCOTA,ID_ESTADO_ADOPCION,COMENTARIOS,FECHA_CREACION,USUARIO_CREACION,FECHA_ACTUALIZACION,USUARIO_ACTUALIZACION) values ('40','29','26','1',null,to_date('18/02/22','DD/MM/RR'),null,to_date('18/02/22','DD/MM/RR'),null);
Insert into ADOGME.PROCESO_ADOPCION (ID_PROCESO_ADOPCION,ID_ADOPTANTE,ID_MASCOTA,ID_ESTADO_ADOPCION,COMENTARIOS,FECHA_CREACION,USUARIO_CREACION,FECHA_ACTUALIZACION,USUARIO_ACTUALIZACION) values ('34','37','21','4','no puede',to_date('18/02/22','DD/MM/RR'),null,to_date('18/02/22','DD/MM/RR'),'20');
Insert into ADOGME.PROCESO_ADOPCION (ID_PROCESO_ADOPCION,ID_ADOPTANTE,ID_MASCOTA,ID_ESTADO_ADOPCION,COMENTARIOS,FECHA_CREACION,USUARIO_CREACION,FECHA_ACTUALIZACION,USUARIO_ACTUALIZACION) values ('35','37','24','4','no puede',to_date('18/02/22','DD/MM/RR'),null,to_date('18/02/22','DD/MM/RR'),'20');
Insert into ADOGME.PROCESO_ADOPCION (ID_PROCESO_ADOPCION,ID_ADOPTANTE,ID_MASCOTA,ID_ESTADO_ADOPCION,COMENTARIOS,FECHA_CREACION,USUARIO_CREACION,FECHA_ACTUALIZACION,USUARIO_ACTUALIZACION) values ('1','1','1','3',null,to_date('12/02/22','DD/MM/RR'),null,to_date('12/02/22','DD/MM/RR'),null);
Insert into ADOGME.PROCESO_ADOPCION (ID_PROCESO_ADOPCION,ID_ADOPTANTE,ID_MASCOTA,ID_ESTADO_ADOPCION,COMENTARIOS,FECHA_CREACION,USUARIO_CREACION,FECHA_ACTUALIZACION,USUARIO_ACTUALIZACION) values ('2','2','2','2',null,to_date('12/02/22','DD/MM/RR'),null,to_date('12/02/22','DD/MM/RR'),null);
Insert into ADOGME.PROCESO_ADOPCION (ID_PROCESO_ADOPCION,ID_ADOPTANTE,ID_MASCOTA,ID_ESTADO_ADOPCION,COMENTARIOS,FECHA_CREACION,USUARIO_CREACION,FECHA_ACTUALIZACION,USUARIO_ACTUALIZACION) values ('3','3','3','3','No cumple con los requisitos',to_date('12/02/22','DD/MM/RR'),null,to_date('18/02/22','DD/MM/RR'),'20');
Insert into ADOGME.PROCESO_ADOPCION (ID_PROCESO_ADOPCION,ID_ADOPTANTE,ID_MASCOTA,ID_ESTADO_ADOPCION,COMENTARIOS,FECHA_CREACION,USUARIO_CREACION,FECHA_ACTUALIZACION,USUARIO_ACTUALIZACION) values ('4','4','4','4',null,to_date('12/02/22','DD/MM/RR'),null,to_date('12/02/22','DD/MM/RR'),null);
Insert into ADOGME.PROCESO_ADOPCION (ID_PROCESO_ADOPCION,ID_ADOPTANTE,ID_MASCOTA,ID_ESTADO_ADOPCION,COMENTARIOS,FECHA_CREACION,USUARIO_CREACION,FECHA_ACTUALIZACION,USUARIO_ACTUALIZACION) values ('24','30','13','1',null,to_date('17/02/22','DD/MM/RR'),null,to_date('17/02/22','DD/MM/RR'),null);
Insert into ADOGME.PROCESO_ADOPCION (ID_PROCESO_ADOPCION,ID_ADOPTANTE,ID_MASCOTA,ID_ESTADO_ADOPCION,COMENTARIOS,FECHA_CREACION,USUARIO_CREACION,FECHA_ACTUALIZACION,USUARIO_ACTUALIZACION) values ('25','30','6','1',null,to_date('17/02/22','DD/MM/RR'),null,to_date('17/02/22','DD/MM/RR'),null);
Insert into ADOGME.PROCESO_ADOPCION (ID_PROCESO_ADOPCION,ID_ADOPTANTE,ID_MASCOTA,ID_ESTADO_ADOPCION,COMENTARIOS,FECHA_CREACION,USUARIO_CREACION,FECHA_ACTUALIZACION,USUARIO_ACTUALIZACION) values ('26','32','17','1',null,to_date('17/02/22','DD/MM/RR'),null,to_date('17/02/22','DD/MM/RR'),null);
Insert into ADOGME.PROCESO_ADOPCION (ID_PROCESO_ADOPCION,ID_ADOPTANTE,ID_MASCOTA,ID_ESTADO_ADOPCION,COMENTARIOS,FECHA_CREACION,USUARIO_CREACION,FECHA_ACTUALIZACION,USUARIO_ACTUALIZACION) values ('27','32','16','2',null,to_date('17/02/22','DD/MM/RR'),null,to_date('19/02/22','DD/MM/RR'),'20');

Insert into ADOGME.RAZA (ID_RAZA,NOMBRE) values ('1','Pastor Aleman');
Insert into ADOGME.RAZA (ID_RAZA,NOMBRE) values ('2','Labrador');
Insert into ADOGME.RAZA (ID_RAZA,NOMBRE) values ('3','French Puddle');
Insert into ADOGME.RAZA (ID_RAZA,NOMBRE) values ('4','Siames');
Insert into ADOGME.RAZA (ID_RAZA,NOMBRE) values ('5','Persa');
Insert into ADOGME.RAZA (ID_RAZA,NOMBRE) values ('6','Angora Turco');

Insert into ADOGME.USUARIO (ID_USUARIO,USUARIO,CONTRASENA,SESION) values ('24','aleja','1234','0');
Insert into ADOGME.USUARIO (ID_USUARIO,USUARIO,CONTRASENA,SESION) values ('20','admi','1234','0');
Insert into ADOGME.USUARIO (ID_USUARIO,USUARIO,CONTRASENA,SESION) values ('21','alejoe','1234','0');
Insert into ADOGME.USUARIO (ID_USUARIO,USUARIO,CONTRASENA,SESION) values ('22','Juan','1234','0');
Insert into ADOGME.USUARIO (ID_USUARIO,USUARIO,CONTRASENA,SESION) values ('23','juan','1234','0');
Insert into ADOGME.USUARIO (ID_USUARIO,USUARIO,CONTRASENA,SESION) values ('25','admin','1234','0');
